event_id,event_name
1,2017 Nashville Walk to End Alzheimers
2,Steak Dinner on the Patio
3,Schedule Meetup
4,Happy Hour Wednesday
5,Happy Hour Wednesday
6,"Cocktails at the Top, Brentwood"
7,Happy Hour Wednesday
8,Tennessee Craft Fair
9,3rd Weds. Lunch
10,Trivia Night at Plantation Pub
11,1st Tuesday Ladies
12,Ladies Lunch at
13,3rd Weds. Networking
14,Lunch Mixer at O'Charley'­s
15,Ladies Lunch Social
16,Cocktails & Networking
17,Ladies Lunch in
18,Ladies Lunch Feb
19,Happy Hour Wednesdays
20,Happy Hour Wednesdays at Jonathan's 
21,Happy Hour Wednesdays
22,Easy Beginner's Hike
23,Happy Hour Wednesday at Hilton
24,Easy Beginner's Hike
25,Happy Hour Wednesday at Hilton
26,Networking Happy Hour
27,Entrepreneurship
28,Networking Happy Hour
29,Skincare Workshop at
30,Happy Hour Tonight!
31,Lunch
32,Tennessee Ren Fest
33,Networking Happy Hour
34,Lunch
35,Networking Happy Hour
36,Just for Fun: Tennessee Ren
37,The Basics of cloud Computing
38,Carnegie Writers/Green Hills Library
39,Wired Senior Workshop
40,Wired Senior Workshop
41,"Consider ""storytelling by resume""?"
42,Work on your LinkedIn Profile
43,"""iPhoneBasics"""
44,Journaling
45,Communicating in The 21st Century
46,Communicating in The 21st Century
47,Communicating
48,Talk about the
49,Happy Hour Wednesday
50,Happy Hour Wednesday
51,Wine Down Thursday in Brentwood
52,"Wine Down Thursday, Murfreesboro"
53,Happy Hour Wednesday
54,3rd Weds. Lunch
55,1st Tuesday Ladies
56,Lunch Mixer at
57,Networking Lunch at
58,Ladies Lunch Social
59,Cocktails & Networking
60,Meet me at the Business
61,First meet up Happy Hour
62,Come to this
63,Schedule a Meetup
64,Join the Essential
65,Join The Essential Oil Journey
66,Franklin/Nashville Parental Alienation Support
67,Franklin/Nashville Parental Alienation Support
68,Franklin/Nashville Parental Alienation Support
69,Franklin/Nashville Parental Alienation Support
70,Saturday June 3rd First
71,Bring your business
72,Bring your business
73,WORKSHOP EXCLUSIVELY FOR
74,We're on!  Our
75,Free Music Day @ Schermerhorn!
76,Southern Festival of Books
77,Volunteer Opportunity @ Southern
78,Kenny Loggins at Nashville Symphony
79,Solar Eclipse Viewing
80,"Flash Movie ""Girls Trip"""
81,Marigolds Author Coffee
82,Lunch @ Salsa Puerto
83,The Great Meeting
84,Tuesday Meeting
85,Tuesday Networking
86,Tuesday Meeting
87,Tuesday Networking
88,Tuesday Meeting
89,Tuesday Meeting
90,Motivate and support
91,Motivate and support
92,Tennessee Brew Works- first meeting!
93,Moss Wright Park Meetup
94,Moss Right Park
95,Moss Right Park
96,Picnic and Hack
97,Farm and Trivia
98,Baby Wearing and
99,Baby Wearing Hike
